{
  "one": {
    "x":65319.8505,
    "y" : 40.1671860000
  },
  "two":{
    "x" : 6630.0,
    "y" : 39.9033130000
  }
}