{
  "one": {
    "x": -26294.8112,
    "y" :116.2092030000
  },
  "two":{
    "x" : -3010,
    "y" : 116.3450320000
  }
}