{"a":0.000005833373473949451,"b":116.36259045415659}