{"a":0.000004496058479481112,"b":39.873504132281035}